id,name,amount_rub,stage,istochnik,createdAt
e5c7427d-d30e-448e-8c9b-7d7ad5a86139,Силомер боксерская груша красный,94250,,,2026-06-23T16:49:04.448Z
c892119c-7269-4eb7-ab23-dbccf1a4dd7b,брендинг Оклейка,29500,,,2026-06-23T16:49:04.482Z
c5e806af-3115-4bc4-b2a1-7a31bf856bb4,Фотобудка квадратная белая шторка - печать фото,34340,,,2026-06-23T16:49:05.572Z
ee28ad9c-6757-43e1-aee2-d9c787d9b047,Фотобудка овальная белая шторка - печать фото,36890,,,2026-06-23T16:49:06.673Z
8daaa3e5-bd99-4bd7-bc04-6b7325dbc454,Брендирование фотографий,4000,,,2026-06-23T16:49:06.722Z
73e82b24-15cb-4981-8b65-3375f472ebca,Брендинг корнеров,14250,,,2026-06-23T16:49:07.883Z
68c99027-4129-4e56-ada2-e179afe9bafd,Брендинг бочек,3200,,,2026-06-23T16:49:07.922Z
6718eff1-2e4d-44b3-9987-d80bede00450,Брендинг стоек регистрации,12750,,,2026-06-23T16:49:07.952Z
873509af-c0fc-4ffa-8aad-9c8454d0a093,Техническая Стойка барная Laconismo белый,1600,,,2026-06-23T16:49:07.981Z
a57233e8-4c2a-4b8b-a12e-61c82610260f,Примерочная кабина белый с черной кромкой BACKSTAGE,2960,,,2026-06-23T16:49:08.023Z
7c753735-e80b-456c-bed4-256aaaf7e3ba,Фотобудка овальная белая шторка - печать фото,29205,,,2026-06-23T16:49:09.105Z
7899e6ba-a641-4880-af53-d190abab3522,Брендированный полумесяц  для арочного шатра 8х8,17850,,,2026-06-23T16:50:10.703Z
af2cfcda-5779-4735-8428-8733af2a336c,Брендирование фотографий (рамок) на 1 фотобудку,5000,,,2026-06-23T16:50:10.756Z
df6ee2ac-2c0f-4f73-a337-d8c4727e8394,Брендирование внешней части,14000,,,2026-06-23T16:50:10.817Z
d7e8da15-5b86-4f81-940b-638acc61bc5a,фан мани пачка,450,,,2026-06-23T16:50:11.895Z
2be35bca-767d-4d0c-a50e-3ac0c0dded42,Аркада Pac-Man,0,,,2026-06-23T16:50:12.956Z
b1c90ff1-de2e-4e1c-85c2-7b8e6e2de7b8,Аркада классика 1984,57000,,,2026-06-23T16:50:12.999Z
ef10fd4d-865b-487c-b53f-565534f548e7,Автомат игровой снайпер,74000,,,2026-06-23T16:50:13.063Z
ed597b15-c961-49bf-9657-9599b9ebd520,Советский игровой автомат Морской бой,81000,,,2026-06-23T16:50:13.138Z
cf7bb218-0379-49a9-a761-4cb2a9f1ac50,Советский игровой автомат Бильярд,43000,,,2026-06-23T16:50:13.203Z
85da2610-b8c7-4d2e-983c-48a6384c8ab6,Советский игровой автомат Конёк-горбунок,41000,,,2026-06-23T16:50:13.286Z
37f86c81-b13c-41c4-be84-6d616054f9a9,Советский игровой автомат Авторалли-м,91000,,,2026-06-23T16:50:13.352Z
c7e74341-d80d-4e83-a419-53996102f39c,Аркада Mortal Kombat,0,,,2026-06-23T16:50:13.395Z
b7184da8-3490-4aca-8381-67d8781d399c,Аркада Donkey Kong,57000,,,2026-06-23T16:50:13.469Z
e5f9f81f-c2db-4bf8-abe1-98c245907a48,Советский игровой автомат Перехватчик,59000,,,2026-06-23T16:50:13.539Z
eaca5908-1d03-4095-a9d3-ae7565e7b51b,Советский игровой автомат Змейка фотон,52000,,,2026-06-23T16:50:13.613Z
6b1c4aa3-0eb7-4921-a06f-5e2ba7fe6b5a,Аркада танчики,44000,,,2026-06-23T16:50:13.700Z
cf4d9da3-94f1-483f-9b7a-5c432322b6cc,Советский игровой автомат Городки,42000,,,2026-06-23T16:50:13.796Z
ff019058-7e92-4c15-8318-2714c84f5c62,Фриз,6300,,,2026-06-23T16:50:15.029Z
8bcbeb20-80cd-4a9e-b033-7bd80ec929c6,Теннисный стол / турнирный,0,,,2026-06-23T16:50:15.129Z
8c614f07-1d39-4cb2-9e44-c6a606b43353,Злые птички рогатка большая энгри бердс angry birds,0,,,2026-06-23T16:50:15.206Z
f3462e25-3620-45be-8d70-640c366d27f3,Тележка с мороженым итальянская без крыши,20882.4,,,2026-06-23T16:50:16.346Z
339d0417-cfbc-4859-b7c5-36886d0db800,Тележка для аппарата сахарной ваты,0,NOVYY,,2026-06-23T16:50:16.410Z
986b7146-4fdf-452d-8fb9-9f7e98c29da4,Тележка для попкорн аппарата,10283,,,2026-06-23T16:50:16.482Z
e9de0c7f-a0fd-4e8d-b831-741fc8e9c7b1,Анимационная станция (оформление и оборудование),9605,,,2026-06-23T16:50:16.625Z
22771f38-3386-4bbd-8bc5-b009604074db,Брендинг корнеров,14250,,,2026-06-23T16:50:17.726Z
a7d3ec5e-2e78-4cad-8ed6-b7221c89d573,Брендинг бочек,3200,,,2026-06-23T16:50:17.753Z
aa04c685-04d2-431d-a5b6-53d97d8a0746,Брендинг стоек регистрации,12750,,,2026-06-23T16:50:17.784Z
ca66d2ec-8307-4b72-8e0d-878fb41dca0e,Техническая Стойка барная Laconismo белый,1600,,,2026-06-23T16:50:17.834Z
82e2ffed-d37b-4428-9b45-0cbb98e98293,Примерочная кабина белый с черной кромкой BACKSTAGE,2960,,,2026-06-23T16:50:17.890Z
d6974d98-6303-4943-90a7-ee34bece5187,Теннисный стол / турнирный,0,,,2026-06-23T16:51:19.479Z
938cf0d8-61d0-4f5c-a3e8-c93c0e9ac373,Автомат Хватайка белый 80х80см с монетоприёмником,0,,,2026-06-23T16:51:20.560Z
aee5b82e-9898-47f3-9a85-2f76cfd7ddcc,Брендинг хватайки,21200,,,2026-06-23T16:51:20.618Z
2c6ddb0b-4d8a-454d-8075-4b5abe3ebde8,Жетоны 1 500 шт,16000,,,2026-06-23T16:51:20.725Z
491e1777-7cae-4260-946b-faac42735575,Пленка для ковролина м²,40,,,2026-06-23T16:51:21.878Z
cef4cf7b-d961-45e0-8c4d-1541c5a6be60,Гигантская игра Тетрис‑Башня (БЕЗ БРЕНДИНГА),19900,,,2026-06-23T16:51:22.995Z
1c92c415-8d95-4a1b-b34b-05b072ae916a,Брендирование полумесяца,7200,,,2026-06-23T16:51:24.114Z
98a9e0e5-d830-41cc-9fa9-7cf81969b12c,Брендинг бочек,3200,,,2026-06-23T16:51:24.162Z
05f46b8d-2b6a-4176-9929-f92bd871b0ec,брендирование стойки,11200,,,2026-06-23T16:51:24.247Z
7bfb43b7-4369-49a7-a711-f27feb0b5b72,Техническая Стойка барная Laconismo белый,0,,,2026-06-23T16:51:24.305Z
a355b900-1ddd-461a-99f0-6edd13966a7c,брендирование стойки Локаниссимо,8500,,,2026-06-23T16:51:24.383Z
4e7ead25-e910-48ba-9766-26e26fdb4445,GIF-стойка с горизонтальным экраном - Печать фото,70800,,,2026-06-23T16:51:24.457Z
3ac3ca24-516a-4617-a4e8-16a20e27628d,Техническая Стойка администратора Visit широкая,0,,,2026-06-23T16:51:24.495Z
f17b8be3-7598-4968-8f33-f42d76b1f23f,Холодильник 290л белый,0,,,2026-06-23T16:51:24.541Z
3ad6e285-03cc-4c43-aacf-8265c0011eed,Фотостойка столб с двумя фонарями №1 - печать фото,36000,,,2026-06-23T16:51:28.000Z
b853fc0b-036d-4fc6-a53e-d49a2df7eb3a,Брендирование фотографий (рамок),5000,,,2026-06-23T16:51:28.071Z
e79a8d89-4356-4503-8c6c-058aa832d494,Фотозона угловая пайетки золото 2.4х2.4м,28000,,,2026-06-23T16:51:28.141Z
c52b110e-95a1-4ccd-91dc-5cc7e0674bb7,Фотостойка столб с двумя фонарями №2 - печать фото,37760,,,2026-06-23T16:51:29.256Z
c10d84b5-1014-468f-aa1b-51812372a3e2,Брендирование фотографий (рамок),5000,,,2026-06-23T16:51:29.305Z
57ab1808-56c7-41e2-a27d-6b84d9ddb7ae,Фотозона угловая пайетки золото 2.4х2.4м,28000,,,2026-06-23T16:51:29.342Z
164f737a-0f24-46df-8c9e-fbb812b15825,Фотозона «Золотые пайетки» со второго дня,35000,,,2026-06-23T16:51:29.416Z
b6d22ba1-0c25-42eb-8d00-762e0f7a8cf9,Фотобудка квадратная красная шторка - печать фото,48960,,,2026-06-23T16:51:30.565Z
8a3df537-775a-4adc-a4f3-ceb6d3e02864,Брендирование карточек,4000,,,2026-06-23T16:51:30.657Z
4499274f-ca97-4801-816b-5f12da76a520,МК Моделирование из воздушных шаров по референсу 3 часа/ 1 мастер/ 43 участника   - 4 группы,42415,,,2026-06-23T16:51:31.791Z
76dd29b7-a5f8-4539-b34e-1a95789fae67,"Крестики нолики деревянные, 1х1м Изготовление",12000,,,2026-06-23T16:51:32.904Z
ec32d896-644a-4fba-bce2-3ac09a480d67,Дротиковый тир,0,,,2026-06-23T16:51:32.965Z
86de9b09-a959-4651-a11f-db8eb203c4c2,Тимбилдинг - Бирпонг,0,,,2026-06-23T16:52:20.568Z
a2566893-06ff-48d1-8c83-7681310ff379,Морской бой большой,39200,,,2026-06-23T16:52:20.634Z
285f5408-5fc5-45dc-9093-bfd392f385a4,Корнхол,0,,,2026-06-23T16:52:20.707Z
d3e8daf7-07cc-47ae-ab05-3e30b38286c4,Брендированный стаканчик для попкорна наклейка 5*5,75,,,2026-06-23T16:52:20.812Z
da4a7f9f-921d-4485-929d-dd298c0cccba,Разработка макета,0,,,2026-06-23T16:52:21.853Z
fb997683-8075-4e69-b900-5a6f5187d53e,Тележка для попкорн аппарата,7000,,,2026-06-23T16:52:21.894Z
d57ca2d8-2821-4cda-a727-156289b4f161,Холодильник 290л черный,0,,,2026-06-23T16:52:23.019Z
1bf4d67c-c385-4a46-8a7b-5d59f46f3897,Брендирование холодильника,13600,,,2026-06-23T16:52:24.120Z
305d7845-3165-4587-a1f0-c2570109999b,Брендирование пагоды 3х3,75000,,,2026-06-23T16:52:24.268Z
bea14126-684b-4a88-9858-fdbc23b79f3e,Разработка макета на погоду 3х3,5000,,,2026-06-23T16:52:24.455Z
253257cd-6d11-4722-b7b1-a47c0086bb66,Фотобудка квадратная белая шторка - печать фото,49050,,,2026-06-23T16:52:25.533Z
6d9701d4-3328-49da-9cfe-ba41b2380746,Брендирование фото,5000,,,2026-06-23T16:52:25.586Z
5d384f00-9412-47cd-b118-14f0ee07a6ae,Разработка макета для брендирования,5000,,,2026-06-23T16:52:25.643Z
8b430b89-f1e0-48ad-b400-e056f7f87f96,Фотостойка столб с одним фонарем - печать фото,45900,,,2026-06-23T16:52:25.697Z
d97f6354-40a7-4a1a-9835-4c5e55883e53,баннер 4 на 3 на брусе объемный,32000,,,2026-06-23T16:52:26.777Z
e7f72376-6348-4af1-975c-9d885fa0e7e4,"стенды для художников (разместить условно 35 картин, 5 художников по 7 картин)",11500,,,2026-06-23T16:52:26.824Z
ee541e07-96ff-4501-b9f6-ee50c085fb93,ПЕРЕКЛЕЙКА СТОЕК НАВИГАЦИИ+РЕСТАВРАЦИЯ,7100,,,2026-06-23T16:52:26.877Z
74dce598-354f-46e1-a01e-7e7951854ef1,РЕСТАВРАЦИЯ  информационного стенда на метталическом каркасе Размер 1х2 метра Прозрачное основание,10000,,,2026-06-23T16:52:28.002Z
96346f4f-1628-4556-91ba-07c650bd985e,ЗАБРАТЬ СТЕНД С ДЕКОРА,0,,,2026-06-23T16:52:28.081Z
906c7cc4-67ca-4a35-be83-446ef2af1096,Брендирование подиума с трех сторон,20520,,,2026-06-23T16:52:29.166Z
2c542d9e-080f-4250-b11c-2f5b3d9c910c,Пьедестал средний,15400,,,2026-06-23T16:52:29.216Z
71c649b0-9337-4f39-ab41-15bb69f74a30,Брендинг пьедестала,20500,,,2026-06-23T16:52:29.334Z
7dcca6f1-9866-4f97-999f-d3b60457f9fc,"Баннер объемный на брусе 6х3,4 м. с зашивом задней части спанбондом",65000,,,2026-06-23T16:52:29.397Z
2546d3f4-70f0-4ac3-93e0-e5a7f988bff8,Баннер объемный на брусе 3х3 м. с зашивом задней части спанбондом,45000,,,2026-06-23T16:52:29.458Z
618f8dc4-dbc8-4e78-aabb-9adf1aa6d3f5,Монтаж баннерных конструкций,45000,,,2026-06-23T16:52:30.570Z
f063d07c-f508-43c2-8e6f-e8eda779c688,Интерактивная стойка 50 дюймов UHD,26100,,,2026-06-23T16:52:31.679Z
ff681f09-4e1b-4a5b-bccb-86c7b0aea049,Силомер Молотобоец,0,,,2026-06-23T16:52:31.786Z
82f21541-bd41-44b5-95e4-81d88b19c6bc,Брендирование силомера,20400,,,2026-06-23T16:52:32.906Z
e8b821c9-ea4a-4969-9194-751516df9a17,Фотостойка премиум - печать фото,25200,,,2026-06-23T16:52:32.965Z
79e3f343-5d5d-433e-8e10-5e6c9f141f03,GIF-стойка SMART - Печать фото,22500,,,2026-06-23T16:52:33.020Z
d938981f-3d86-4b29-a0b6-78becca0eed9,Автомат Хватайка жёлтый 80х80см с монетоприёмником,0,,,2026-06-23T16:53:20.619Z
af739e15-038a-4de4-b8a2-9d78666c53de,Автомат Хватайка красный 80х80см с монетоприёмником,0,,,2026-06-23T16:53:20.669Z
9b0fef03-afdd-4429-b0ef-78ca4dcd9db2,Капсулы для аппарата хватайка,0,,,2026-06-23T16:53:20.703Z
2c427e29-a465-43df-84e9-266c30d18a2d,Брендирование холодильника,13600,,,2026-06-23T16:53:21.771Z
59dc3028-936c-41c7-b49f-02827a5e64b6,Холодильник 290л черный,0,,,2026-06-23T16:53:21.903Z
49facb33-34e9-40ec-ac6c-882ea0da69b1,Петанк брендированный ( изготовление поля ),64000,,,2026-06-23T16:53:23.029Z
a26facb4-216b-4869-8803-5214cf60e101,Теннисный стол / турнирный,9600,,,2026-06-23T16:53:24.098Z
0775d4c2-daa6-453e-973d-1ac3a697c52d,Петанк брендированный ( изготовление поля ),64000,,,2026-06-23T16:53:25.159Z
ef7570bf-b431-44d1-ade8-2e828795c59c,Теннисный стол / PRO,0,,,2026-06-23T16:53:26.242Z
3cad4c14-b3f3-4913-94a0-26793237c7af,Автомат Хватайка белый 80х80см с монетоприёмником,0,,,2026-06-23T16:53:27.334Z
da8c6553-dc78-4d74-96c9-c34c1044d1b4,Брендинг короба для хватайки 80х80,77000,,,2026-06-23T16:53:27.403Z
c350a8d7-f69b-4263-b9f4-06ec0b437600,"Брендированные жетоны, 250 шт.",45000,,,2026-06-23T16:53:27.455Z
7058b4d0-76f1-4f40-bf16-32d6b8a7cf1d,"Виндер 3,5 м",4950,,,2026-06-23T16:53:28.545Z
bf60e4b1-8d64-4c7a-9a24-719659618ef6,Теннисный стол / турнирный,0,,,2026-06-23T16:53:29.649Z
9626b2d1-630f-4d94-bfa4-80cefa7012d4,Теннисный стол / PRO,0,,,2026-06-23T16:53:29.679Z
a4841cda-a9d7-4644-a202-691c7c2c6a62,Танцевальная машина japan,0,,,2026-06-23T16:53:30.762Z
c5c3c609-c093-4ce3-8b16-2cbc7b788dfd,Примерочная кабина бук,3240,,,2026-06-23T16:53:31.866Z
0aca5dab-6ac8-4b3a-a2b7-0e285a84e217,Твистер на баннере 4х4м,4400,,,2026-06-23T16:53:32.942Z
9f326123-c398-4351-b3a3-5a33fcec308f,Промостойка-ресепшн RP-2,7500,,,2026-06-23T16:53:34.031Z
0d92be42-6a9b-4ac1-b1e6-1bd41a8c4ab8,Брендирование,6500,,,2026-06-23T16:53:34.079Z
6160589f-93a3-45b6-9153-de01a7b11de5,Холодильник витрина 500л,0,,,2026-06-23T16:53:35.161Z
d81a9b6f-27e5-4f3a-81ae-614f3d3d9589,Тележка для аппарата сахарной ваты,0,,,2026-06-23T16:53:37.334Z
6eb5f183-1c0b-49eb-a3fa-8b3650c552bd,Панно-футбол высокий,0,,,2026-06-23T16:53:38.452Z
1948e1a9-fbf8-414b-9e69-c6cd01104544,3D селфи 360 с LED-барами,41600,,,2026-06-23T16:53:40.691Z
c39aec71-c2dc-419b-ae63-b89bc73de0d9,Внешнее брендирование,8250,,,2026-06-23T16:54:20.669Z
985fc1cd-5075-4e19-8c53-ec95714fa839,разработка макета,5000,,,2026-06-23T16:54:20.723Z
18f22467-37c3-4770-a94c-3f3a7a4caaf5,брендирование будки,18500,,,2026-06-23T16:54:21.809Z
fbaa5627-9048-47e4-84f4-2347aa8b2058,Фотобудка квадратная синяя шторка - печать фото,39600,,,2026-06-23T16:54:21.861Z
b769114c-5195-4858-a77b-a84ba2286829,Бренднг Кикер XXXL,26500,,,2026-06-23T16:54:23.058Z
c44b80d6-5bae-4173-8024-d6e55e01c45d,Бирпонг большой,64500,,,2026-06-23T16:54:24.136Z
f77d4bbc-14d9-43e2-9ea9-150ab348950a,Брендированный фриз по периметру 10х5 на двускатный шатер,28800,,,2026-06-23T16:54:25.229Z
740c367a-3ce0-492f-87ac-bc68fd33b2ce,Разработка макета для вывески,5000,,,2026-06-23T16:54:26.264Z
90f9452e-bfaf-4c41-a08a-0afcad30df38,Фотобудка квадратная белая шторка - печать фото,34680,,,2026-06-23T16:54:27.328Z
3ae8b7b5-a72a-4517-ae88-73745efcc441,Шторка Брендинг,19000,,,2026-06-23T16:54:27.373Z
8004624e-6199-4b5c-8124-3fafdcde3efb,Брендинг задника сцены,78230,,,2026-06-23T16:54:28.461Z
3a62ca4d-f423-45e2-a1fe-1d9efdfa5c0b,Брендинг боковых стенок сцены,59330,,,2026-06-23T16:54:28.511Z
292bbf8e-d8e7-4e16-84a1-cc5609403435,Раус подиумов под звук,37000,,,2026-06-23T16:54:28.578Z
e7aba27e-af07-483d-bb1e-aeb32b820f73,Раус сцены,61950,,,2026-06-23T16:54:29.766Z
5a3082bf-54ee-4314-b953-366f14f04829,Брендинг чехлов утяжелителей,11500,,,2026-06-23T16:54:30.752Z
74ed528f-cdf2-4014-85e2-8e5af320b094,Брендированный чехол на фан-барьер,6500,,,2026-06-23T16:54:30.795Z
a9e64cd8-6785-4d81-ba45-7631cf9f7cf3,Корнер 3х3,141750,,,2026-06-23T16:54:31.870Z
18c5a03f-d023-466e-aeca-2101b7d0019a,Корнер 2х2,0,,,2026-06-23T16:54:32.959Z
8823aa55-281b-4bdb-8f19-5de44620a898,"Брендинг корнера (плашка ПВХ, в виде купола)",15400,,,2026-06-23T16:54:34.017Z
51929f8e-fc79-494c-92c0-7f60ecef903c,"Брендинг корнера (плашка ПВХ, низ)",12600,,,2026-06-23T16:54:34.064Z
ebb330bd-510f-4edf-85e1-b32d0f58b053,Фотозона по референсу 5х4 баннера+подиум,0,,,2026-06-23T16:54:34.114Z
77724e22-96c7-469b-a1c2-f4d38dbd458f,Флажковая лента с брендингом,0,,,2026-06-23T16:54:35.189Z
cb90c9c9-37aa-4188-879d-d35c11d4cb92,Холодильник витрина 500л,0,,,2026-06-23T16:54:36.241Z
397f73b7-51eb-4103-96e4-4294d7262b0c,Фотозона по референсу 5х4 баннера+подиум,198000,NOVYY,,2026-06-23T16:54:37.298Z
83b5bbde-964a-4d76-a4c4-fea2ce4a0886,Флажковая лента с брендингом,750,NOVYY,,2026-06-23T16:54:37.372Z
e74171de-d1cc-4c31-84bf-fd9526337873,Теннисный стол / турнирный,0,,,2026-06-23T16:54:38.439Z
148500a4-10d4-4521-a80a-a54e416864f7,Лазерный тир с проектором электронный,65000,,,2026-06-23T16:54:39.537Z
316e5467-4cb9-41b6-bc03-5643834207dc,Трибуна белая,0,,,2026-06-23T16:55:41.182Z
3b51e49e-22e1-46d0-b9f3-e919c0b7df34,Техническая Стойка администратора Visit широкая,0,,,2026-06-23T16:55:41.211Z
15fb77be-7a00-482c-a4ed-7f68b8660565,Холодильник витрина 500л,0,,,2026-06-23T16:55:42.359Z
e63c3910-a5d1-422a-bd60-af6fe8ffb815,Брендированный фриз по периметру 10х5 на двускатный шатер,28800,,,2026-06-23T16:55:43.415Z
8e929668-517a-4db2-b112-fd57e0659fea,Разработка макета для вывески,5000,,,2026-06-23T16:55:43.462Z
758822c8-e85c-40d7-a7b3-eb5225fe0754,Техническая Стойка администратора Visit широкая,0,,,2026-06-23T16:55:44.531Z
cd080375-d59b-4aa0-8f0a-459730a666cd,Холодильник 300л белый,0,,,2026-06-23T16:55:44.579Z
63dabd60-d970-47fa-9cee-8ba929b2826d,Указатели 5 шт переклейка,7200,NOVYY,,2026-06-23T16:55:45.672Z
6ee22cae-aab8-43d6-878a-95aca904d324,Кубы 4 шт переклейка,9600,,,2026-06-23T16:55:45.727Z
bf6edff1-0630-4a34-9982-4e6e4958489c,Пленка для ковролина м²,392,,,2026-06-23T16:55:45.765Z
74547dee-4013-4bb4-ac6b-e468203dae6e,ДОСТАВКА ФОТОЗОНА РАМКА+ТАБЛИЧКИ-ЗАБРАТЬ С ТИПОГРАФИИ,0,,,2026-06-23T16:55:45.834Z
ee69afee-936b-4d08-9d57-50a2ecb0d40b,Теннисный стол / турнирный,0,,,2026-06-23T16:55:48.274Z
9e5abfaf-1cc5-4541-b376-7d215f8db56e,Тумба для спикера белый металл,0,,,2026-06-23T16:55:49.355Z
f7725664-db24-4cd8-9303-16ab0fef871e,Аппарат с газировкой большой,65088,,,2026-06-23T16:55:50.441Z
67fdcba9-3bba-4dac-aa31-3470992241ba,Наклейки на кнопки,3254.4,,,2026-06-23T16:55:50.486Z
dc383764-9a97-47d0-86d3-eae794c4aa0b,Баскетбольное кольцо на стойке,0,,,2026-06-23T16:55:51.604Z
e140b68c-d3a4-4048-bc12-e05be0fdd1f6,Тумба для спикера белый ЛДСП,960,GOTOVO,,2026-06-23T16:55:52.663Z
fa860979-028c-4ef2-979c-4247b07e72b3,Холодильник 300л белый,0,GOTOVO,,2026-06-23T16:55:53.739Z
5445b32e-71ea-4d4e-aac3-561e2b2b3709,Холодильник 290л белый,0,,,2026-06-23T16:55:54.813Z
e21a89e6-1a82-4d49-bc4f-ee96c7174c6d,Техническая Стойка барная Laconismo белый с замками,0,,,2026-06-23T16:55:57.056Z
0bd7cf4e-63b6-48ac-96ce-eb8a926c9f97,Брендирование стойки регистрации,13600,,,2026-06-23T16:55:57.112Z
4ccae26e-4cd0-476a-b96c-fb742aa1a270,Баннер объемный на брусе 2х2.5 м. объем 40 см.,34240,,,2026-06-23T16:56:00.083Z
66d133ed-c789-42df-a2b0-57422b606679,Тумба для спикера белый металл,0,,,2026-06-23T16:56:41.277Z
dbc09613-5b4d-4b8a-81d6-376beedd9330,Трибуна для спикера белый металл,3600,,,2026-06-23T16:56:41.317Z
65ab99c7-6680-4118-8c45-3731fdde2ac0,Техническая Стойка барная Laconismo черный,3480,,,2026-06-23T16:56:42.362Z
ba16e683-ac18-4e48-bf64-1ae2348bf31c,Техническая Стойка администратора белый,0,,,2026-06-23T16:56:43.435Z
a2711210-31cc-4530-b5e2-c40f67328436,Брендинг стоек - П-образный раус - 1080х50х50,68806,,,2026-06-23T16:56:43.495Z
d2d002f3-a765-4478-9387-215616cf1c83,Пленка для ковролина м²,0,,,2026-06-23T16:56:45.637Z
8399afac-d4f4-4ebe-a9d2-fbfe7f1ae87b,Полумесяц для арки 5х5 брендированный,8400,,,2026-06-23T16:56:45.686Z
85a72723-8ddf-4e97-ae25-96ff80adfbd9,Стена  для арки 5х5 брендированная,24400,,,2026-06-23T16:56:45.731Z
6593d69a-2c4c-473e-a0fd-338cff97aaef,Трибуна для спикера белый металл,3072,,,2026-06-23T23:01:35.293Z
8e9018f2-29c3-4124-bbf9-aa80cec5cebe,Тележка для аппарата сахарной ваты,0,,,2026-06-24T08:03:21.395Z
4c12ea77-a864-4864-979d-1a084386a3af,Парковая тележка белая N,0,,,2026-06-24T08:03:21.462Z
5908292d-a255-4f02-922c-0808b1267912,Злые птички рогатка большая энгри бердс angry birds,0,,,2026-06-24T08:03:21.496Z
f943bf39-4e8e-408d-9761-dbab822f6b20,Разработка макета жетонов,5000,,,2026-06-24T09:04:02.630Z
36131340-82f3-41a4-8ee0-72e01c600870,Стойка барная 110×66 см с LED подсветкой,3450,,,2026-06-24T09:04:06.017Z
3f1e3308-2e83-4d2f-a5f5-bff4a61046fa,Тумба для спикера белый металл,0,,,2026-06-24T09:04:08.315Z
fc16e354-1dc1-4fd0-81cc-d42867dee156,Брендинг стенок для пагоды Монтируются 25.06,27000,,,2026-06-24T10:03:02.282Z
f0e5e670-5f67-4891-961a-cd6658046ddf,Брендинг стенок для пагоды Монтируются 25.06,27000,,,2026-06-24T10:03:03.445Z
af36bf14-582b-4475-b20b-3d70db9f6f31,Брендинг стенок для пагоды Монтируются 25.06,27000,,,2026-06-24T10:03:05.826Z
3907a6a7-4d11-406d-94f3-3936866ceb2b,Фотозона Речная,48000,,,2026-06-24T10:03:13.671Z
91a1a024-6177-4c77-997f-293def6e3363,Техническая Стойка администратора белый,0,,,2026-06-24T11:03:31.219Z
b93ce6eb-676e-4660-9240-a8c13ab94d7c,Брендинг стойки,14700,,,2026-06-24T11:03:31.278Z
b1805b98-b173-4961-85fe-602173b0ba88,Раус столы 150х75,21440,,,2026-06-24T12:02:42.257Z
9d0f1eb7-44c7-403d-8a08-ee8cabb1504d,Техническая Стойка администратора Visit широкая,0,,,2026-06-24T12:02:47.901Z
0e4c42bc-0ba2-4573-be9f-9a2017c1ba1a,Техническая Стойка администратора Visit широкая,0,,,2026-06-24T12:02:48.962Z
44a8f159-ee50-41dd-8c2d-83bfebb68976,"Кукуруза гриль солью, 1/2",216,,,2026-06-24T13:03:14.898Z
19f947e9-004e-4cfc-9732-6517878911e8,Промостойка-ресепшн RP-4 (174x92x48 см),7006,,,2026-06-24T13:03:15.367Z
e56b18d7-ce7b-410a-a27e-76ff1f7c47c2,Промостойка-ресепшн RP-4 (250х100х70 см),19210,,,2026-06-24T13:03:15.440Z
6056f665-cae9-459f-8fd9-235d310eae5e,брендинг,110740,,,2026-06-24T13:03:15.514Z
31d9b529-ee81-4190-b8d3-468730d0697a,Трибуна белая,0,,,2026-06-24T14:05:10.935Z
86087722-10dd-4314-b3da-e8391f4204e6,Трибуна для спикера белый металл,3520,,,2026-06-24T14:05:10.964Z
fabb3aea-33b9-45cf-ba48-5884d3c4a0d8,Фотостойка премиум - печать фото,45000,,,2026-06-24T15:05:04.155Z
c18094f1-a22a-438a-918b-d170d934caf5,Техническая Стойка администратора Visit широкая,3575,,,2026-06-24T15:05:13.163Z
d9574b5e-4d63-4463-aeb6-cef9cf49fa3d,ПРОМО,11,,,2026-06-24T15:05:14.308Z
28c6ecee-090d-43a3-b393-03d9f6d9222a,Брендирование полумесяца - односторонний брендинг,27200,,,2026-06-24T16:05:32.992Z
7c0c8173-5fe9-4c05-93a1-7dea58571ff1,Баннерная конструкция,0,,,2026-06-24T16:05:33.062Z
dc1c9fd8-d78f-4667-85c6-b086e3e7cefe,стикерпаки (наклейки),0,,,2026-06-24T16:05:33.144Z
3d14da23-599b-495d-a400-b57b36c2a9e0,Теннисный стол / PRO,4400,,,2026-06-24T16:05:34.400Z
1befeb08-e2c6-428e-88e6-7fbac87e6221,Интерактивная стойка 50 дюймов UHD,26100,,,2026-06-24T16:05:36.526Z
7b8a1302-e815-4384-9bca-00fb2a810328,Силомер Молотобоец,30600,,,2026-06-24T16:05:36.568Z
024cc824-b08a-45d2-95a2-a0fb065b2904,Брендирование силомера,20400,,,2026-06-24T16:05:36.599Z
2aa9c553-1b40-4e26-8810-85497ad5f9c3,Фотостойка премиум - печать фото,25200,,,2026-06-24T16:05:36.626Z
13367ede-df1d-411d-bda3-0d893946f984,GIF-стойка SMART - Печать фото,22500,,,2026-06-24T16:05:36.654Z
fc40eaac-ea93-49b7-bff0-d889f65a2f40,Автомат Хватайка жёлтый 80х80см с монетоприёмником,40500,,,2026-06-24T16:05:36.741Z
3e88d976-9828-43f9-8ebc-bab6975e1bda,Автомат Хватайка красный 80х80см с монетоприёмником,40500,,,2026-06-24T16:05:36.816Z
662d9120-e461-4ed0-aa0f-3bff55e6db7b,Капсулы для аппарата хватайка,50,,,2026-06-24T16:05:36.858Z
02ddc7b5-de09-4c1e-8aa0-36d30b01870c,Стойка-указатель информационная А3 вертикальный,304,,,2026-06-24T17:05:50.430Z
d95b6ef5-ab6a-45db-a9fe-e1eecc412d41,Баннер 3х2,35200,,,2026-06-24T17:05:51.533Z
0b6fdfe8-5a9d-4734-aa9e-5806a95973cd,Аренда Стойка-ресепшн RP-3 без топпера с печатью 70x100x40 см,3500,,,2026-06-24T18:05:09.320Z
a9f1166a-6da5-4f2f-82a2-3bb1c6f27266,Твистер на баннере 7х7м,12000,,,2026-06-25T09:05:06.524Z
492917c3-5273-4e57-82a1-b1a5032ff20c,Холодильник 300л белый,0,,,2026-06-25T10:19:55.936Z
7ad292b6-46c1-4f7d-8df9-0b64dbbda789,Силомер боксерская груша красный,0,,,2026-06-25T11:02:24.772Z
e3f818da-5db1-418e-819b-623352b548c3,Автомат баскетбол,0,,,2026-06-25T11:02:24.853Z
f4d56820-d20c-40c4-910d-f46bf264cd57,Футбол под столом SUBSOCCER лайф,0,,,2026-06-25T11:02:24.934Z
c0dc71e2-4cb4-406f-8aad-37f422301e64,Силомер горизонтальный,49300,,,2026-06-25T11:02:24.994Z
7db884a0-9470-46a5-8b33-30539ad7d163,3D Теннис,0,,,2026-06-25T11:02:25.066Z
0ccd39c9-555b-4c08-b6e3-ce425671ebeb,Брендирование силомера,24800,NOVYY,,2026-06-25T11:02:25.098Z
8489b351-97e9-4b76-9c88-d991353a0c58,Брендирование задувного футбола,13600,,,2026-06-25T11:02:25.164Z
7d2218ed-ad88-4b6e-b5f7-a51d11576a7e,Брендирование баскетбола,10000,,,2026-06-25T11:02:25.225Z
4ade0f7b-5a74-4809-a318-6ae76a6a8773,Брендирование сабсоккера,15200,,,2026-06-25T11:02:25.276Z
52f8fd2e-c495-4b5d-ac22-013a37f703b7,Брендирование армрестлинг,17600,NOVYY,,2026-06-25T11:02:25.334Z
318f9871-497c-4e2c-ae85-c00f92705bc9,Брендирование силомера кик тест,14400,,,2026-06-25T11:02:25.392Z
ac01b7f7-8966-47ca-badd-22d0e87e0bd2,Брендирование интерактивных ворот (две стены с двух сторон),48700,,,2026-06-25T11:02:25.444Z
c19045fb-164e-42bb-b374-97f220891992,Брендирование 3D тенниса,25600,,,2026-06-25T11:02:25.490Z
15c1b35d-25dc-4bc1-b5dd-deb1389d8d56,Брендинг автобола,13600,NOVYY,,2026-06-25T11:02:25.585Z
a813ebe2-698c-43f6-9c2a-c895f53b989b,Спанбонд в рулоне ширина 210см,70,,,2026-06-25T11:02:25.639Z
e8868ac5-8099-40e2-b173-dcaceb671f30,"Саморезы 75мм - 100 шт, Степлеры, Спанбонд 30м/п, Баннера в печати 69",0,,,2026-06-25T11:02:25.735Z
1812662e-1486-40f5-b8d6-b4aa159d8412,Разработка макетов,5000,NOVYY,,2026-06-25T11:02:25.832Z
6e608854-4c77-4167-9fdd-05283535d132,Стойка администратора Visit широкая Backstage,2000,,,2026-06-25T11:16:28.664Z
87f1788c-ac02-4769-b658-9df6c0ba29cd,брендинг стойки visit,16500,,,2026-06-25T11:16:28.761Z
60539e0a-0871-4d74-89c5-27787102eb65,Раус зашив торцов,26400,,,2026-06-25T11:16:28.842Z
7027c08f-d040-4873-97a9-5c1c8597231b,Баннер 4х2.5,46800,,,2026-06-25T11:16:29.091Z
2cd3dbc3-ffcf-4f4e-a714-1098f1159c88,БРЕНДИНГ КИОСКОВ,16000,,,2026-06-25T11:16:29.163Z
e265a3d0-02dc-4488-9d61-4af4c2c035db,Спанбонд в рулоне ширина 210см,70,,,2026-06-25T11:16:29.204Z
12d279f2-4ee9-448f-82cb-19f30b603b4c,Перепечатка верхушки для корнера,5100,,,2026-06-25T12:05:37.784Z
41a110a2-6209-4598-9fe2-cbe2b4c838bd,Перепечатка верхушки для корнера,5100,,,2026-06-25T12:05:40.203Z
77860c0c-e12d-4009-95ca-3b639b9efce9,Перепечатка верхушки для корнера,5100,,,2026-06-25T12:05:41.448Z
afd1b457-cd1f-4438-ad93-75277d65b60f,Силомер боксер Тайсон,0,,,2026-06-25T12:06:44.853Z
1b6aea8b-f03c-40a3-8fa0-e2b04ae69e5c,Техническая Стойка барная Laconismo белый,0,,,2026-06-25T12:06:44.898Z
32019a0a-d4c8-483e-9a7b-c1ac7374e8dc,Брендинг стойки,0,,,2026-06-25T12:06:44.956Z
a54cdba2-4d97-4120-91a8-eca36440035c,Зарядная станция столб метал,0,,,2026-06-25T12:06:46.087Z
ea34c797-c739-4714-9416-8c46bf5804e5,Цветочная фотозона зеленая 2.4х2.4м,0,,,2026-06-25T13:05:35.747Z
278ffb88-fd6f-4ca3-97f0-32175d39505d,вывеска с лампочками ПРО,0,,,2026-06-25T13:05:35.849Z
1429a67c-0094-4565-9b81-d1ddb25904d8,Денежная кабина белая,0,,,2026-06-25T13:05:41.139Z
ad59a564-d696-42ad-b5cc-234d21af246e,Фан мани,3250,,,2026-06-25T13:05:41.222Z
5c75b5c1-ad2d-4acf-bffb-9fc0942d187f,разработка макета,5000,,,2026-06-25T13:05:41.291Z
d0223bf2-ab5b-443c-a4be-be42d6abeb35,Спанбонд в рулоне ширина 210см,70,,,2026-06-25T14:05:32.582Z
60924ed0-8fa4-416a-a301-0f19c4b3f9e3,Холодильник витрина 500л,0,,,2026-06-25T14:05:42.166Z
2a2c4dcf-a595-4366-8f7b-61c8a1b4a645,денежная кабина (ОПЛАТА) по брони 175141,36550,,,2026-06-25T14:05:44.332Z
714123e4-437f-4b7f-a8a7-16d7ac35565b,Баннер на брусе без объема 200×200 см (Монтаж считаем ОТДЕЛЬНО),0,,,2026-06-25T15:06:05.378Z
5515ae77-9ecd-4775-b6c2-b6a79eb4d290,Баннер на брусе с объемом 400×300 см (Монтаж считаем ОТДЕЛЬНО),0,,,2026-06-25T15:06:05.437Z
9a3b13d6-e544-48a3-96f2-a2b020fa8a64,"Стальной трос в ПВХ оплетке МЕТАЛЛСЕРВИС DIN 3055, 6/8, 100 м",0,,,2026-06-25T15:06:15.414Z
4af2c049-b7d1-475e-b0fa-8c4d2c801086,Холодильная витрина 270л,10500,,,2026-06-25T15:06:18.128Z
dc6087df-fa3c-4935-a05d-c2d99e134001,Сладкая вата - Банановая,0,,,2026-06-25T15:06:19.224Z
8e84852b-d7c3-4801-9004-e827e0626ee1,Тележка для аппарата сахарной ваты,0,,,2026-06-25T15:06:19.252Z
ed9d80f1-f8ee-4f8c-9544-427062466354,Тележка для попкорн аппарата,8450,,,2026-06-25T15:06:19.294Z
5eaa0c01-8260-4b25-bd6d-87f04f7fbcc3,Холодильник витрина 500л,5850,,,2026-06-25T15:06:20.379Z
e1aeb150-b4e8-4b4d-8c76-e886258acabc,Зарядная станция столб метал,25500,,,2026-06-25T15:07:01.009Z
2c597efd-f50c-400f-9c0d-a5d9f1c76904,Техническая Стойка барная Laconismo черный,3010,,,2026-06-25T16:05:59.210Z
595678cd-ba3d-4950-8adf-3de80692edad,Фотобудка овальная синяя шторка - печать фото,48025,,,2026-06-25T17:05:41.622Z
0e8a780f-cd3d-42e2-afa6-59c5f1b8f161,Антуражное оформление фуршетной линии,5000,,,2026-06-26T10:05:40.808Z
b1d01242-d826-4ca6-b285-cddc474d1fa8,Техническая Стойка барная Laconismo белый,0,,,2026-06-26T10:05:40.845Z
7c82e1d6-1667-4b16-a839-9bfbf0c62510,Брендирование итальянской тележки,32000,,,2026-06-26T10:05:40.896Z
958f4bdb-bf09-44d3-a5cf-ec89759e36cc,Холодильная витрина для мороженого,0,,,2026-06-26T10:05:40.952Z
ab5b58ad-67b7-474a-b400-1b7bac91179e,Тележка с мороженым итальянская без крыши (бежевая крыша),17500,,,2026-06-26T10:05:41.032Z
9205f091-5fc2-406a-bb81-564167394bde,Тележка с мороженым итальянская без крыши,0,,,2026-06-26T10:05:41.063Z
a216980a-1859-4aa4-89cb-fc295226c0a9,Капсулы для аппарата хватайка,0,,,2026-06-26T14:05:28.116Z
bae624b6-acff-4ae2-8f99-4dc579a95c7d,Парковая тележка белая N,0,,,2026-06-26T14:05:34.230Z
360e418a-d3f4-49ed-8236-550098625c5c,Крыша для парковой тележки ПВХ,0,,,2026-06-26T14:05:34.266Z
fe57742e-5f10-4850-bf9b-6a8fd247f083,Плашка 1.9х2.6,57600,,,2026-06-26T15:05:51.637Z
7b455121-c7ef-4269-954a-27dddf79b042,Техническая Колонна 100 см ПВХ под оклейку,1632,NOVYY,,2026-06-26T15:05:56.827Z
77fdc7d5-1b1e-47e6-9c9f-5d3359e356a9,Парковая тележка белая N,0,,,2026-06-26T16:05:45.091Z
e3d3eaea-11aa-41a0-b859-b8c036c0af10,Крыша для парковой тележки ПВХ,0,,,2026-06-26T16:05:45.137Z
a8294f79-2b2d-4596-953c-d78746f8db68,Стойка ( 1м ) лаер,0,,,2026-06-27T09:05:04.432Z
f1f7c982-7807-4595-abe1-10eb8439d4f4,Стойка (0.6м 2 ф) лаер,0,,,2026-06-27T09:05:04.504Z
85f9d39c-65fa-4b33-8949-e75c813ee482,Спанбонд в рулоне ширина 210см,70,,,2026-06-27T11:05:22.015Z
5da00f23-f6d1-4c0f-b9a9-50d7102f971a,Спанбонд в рулоне ширина 210см,70,,,2026-06-27T11:05:23.139Z
c610b220-ba84-4704-9c14-c7c82b1c2300,Спанбонд в рулоне ширина 210см,70,,,2026-06-28T13:04:12.284Z
7d4147ed-6dba-4b86-acdf-fd6760ff21a7,Аппарат с газировкой средний,39100,,,2026-06-28T13:04:13.740Z
c0222780-31e2-4536-9084-6a3861137c63,Велотележка для мороженого,13200,,,2026-06-29T10:40:11.221Z
e797d14f-667e-40bf-a742-d55cec692e32,Светодиодный экран 4.48х2.56м шаг пикселя 2.5,0,,,2026-06-29T12:03:15.519Z
f5c300ef-cd7c-4470-8e32-7476f8c665c1,Цифра 2 неоновая,0,,,2026-06-29T12:03:15.720Z
29dab27e-4ef6-4c96-a3e4-bef0a054fddd,Цифра 6 неоновая,0,,,2026-06-29T12:03:15.792Z
90f36679-3c82-446f-9751-3fefa403959d,Цифра 0 неоновая,0,,,2026-06-29T12:03:15.900Z
86b3e99f-99b9-4859-b915-cfaf51a226ed,АРЕНДА Ролл Ап / Roll-Up Wide Base (каплевидный). Размер конструкции: 85 х 200,0,,,2026-06-29T12:03:15.970Z
1e0bedae-1fd6-4e36-9508-b64aef17839d,АРЕНДА Поп ап / Pop Up Standart прямой 4х3 (340х222х35см),0,,,2026-06-29T12:03:16.049Z
806761ab-a692-4506-bc44-1f0e6bcd1bf4,Силомер Молотобоец,0,,,2026-07-03T19:08:29.784Z
84628acf-7559-41dc-9c2b-1e1fd409dc1b,БРЕНДИНГ свободная запись ( КОМЕНТАРИЙ ОБЯЗАТЕЛЕН ),7000,,,2026-07-04T20:29:34.979Z
46d1d92a-966b-4b90-b015-efa9d7e069de,БРЕНДИНГ свободная запись ( КОМЕНТАРИЙ ОБЯЗАТЕЛЕН ),5230,,,2026-07-04T20:30:21.687Z
6396e19a-05ec-4bea-88e8-24122c23fbfd,Баннер задний на сцену,120000,,,2026-07-04T20:30:43.434Z
2b7b70bc-9425-43af-82ce-c617e2d36017,Баннер на фотозону,15000,,,2026-07-04T20:30:43.556Z
c863cf68-ff20-4a95-bc14-f92afc392534,Указатель большой с брендингом,28900,,,2026-07-04T20:30:45.679Z
